{
    "count_top1": 34,
    "count_top2": 46,
    "count_top3": 48,
    "percentage_top1": 0.7083333333333334,
    "percentage_top2": 0.9583333333333334,
    "percentage_top3": 1.0
}