{
    "count_top1": 43,
    "count_top2": 47,
    "count_top3": 48,
    "percentage_top1": 0.8958333333333334,
    "percentage_top2": 0.9791666666666666,
    "percentage_top3": 1.0
}