{
    "count_top1": 125,
    "count_top2": 161,
    "count_top3": 162,
    "percentage_top1": 0.7440476190476191,
    "percentage_top2": 0.9583333333333334,
    "percentage_top3": 0.9642857142857143
}