{
    "count_top1": 55,
    "count_top2": 69,
    "count_top3": 69,
    "percentage_top1": 0.7746478873239436,
    "percentage_top2": 0.971830985915493,
    "percentage_top3": 0.971830985915493
}