{
    "count_top1": 4,
    "count_top2": 11,
    "count_top3": 11,
    "percentage_top1": 0.2857142857142857,
    "percentage_top2": 0.7857142857142857,
    "percentage_top3": 0.7857142857142857
}