{
    "count_top1": 13,
    "count_top2": 19,
    "count_top3": 20,
    "percentage_top1": 0.4482758620689655,
    "percentage_top2": 0.6551724137931034,
    "percentage_top3": 0.6896551724137931
}