{
  "The": -0.0006475062,
  "Italy": -7.7506475,
  "Tur": -9.000648,
  "Before": -9.750648,
  "While": -11.625648,
  "Rome": -11.625648,
  "Prior": -12.875648,
  "Throughout": -13.000648,
  "In": -13.125648,
  "There": -13.250648,
  "Flor": -13.250648,
  "Nap": -13.250648,
  "When": -14.500648,
  "During": -14.500648,
  "As": -14.625648,
  "According": -14.875648,
  "If": -15.000648,
  "Mant": -15.250648,
  "Though": -15.375648,
  "Although": -15.625648
}
