{
    "count_top1": 20,
    "count_top2": 22,
    "count_top3": 22,
    "percentage_top1": 0.8333333333333334,
    "percentage_top2": 0.9166666666666666,
    "percentage_top3": 0.9166666666666666
}