{
    "count_top1": 378,
    "count_top2": 429,
    "count_top3": 433,
    "percentage_top1": 0.8590909090909091,
    "percentage_top2": 0.975,
    "percentage_top3": 0.9840909090909091
}