{
    "count_top1": 44,
    "count_top2": 47,
    "count_top3": 47,
    "percentage_top1": 0.9166666666666666,
    "percentage_top2": 0.9791666666666666,
    "percentage_top3": 0.9791666666666666
}