{
    "count_top1": 414,
    "count_top2": 432,
    "count_top3": 440,
    "percentage_top1": 0.9409090909090909,
    "percentage_top2": 0.9818181818181818,
    "percentage_top3": 1.0
}