{
    "count_top1": 35,
    "count_top2": 41,
    "count_top3": 43,
    "percentage_top1": 0.7291666666666666,
    "percentage_top2": 0.8541666666666666,
    "percentage_top3": 0.8958333333333334
}