{
    "count_top1": 142,
    "count_top2": 160,
    "count_top3": 164,
    "percentage_top1": 0.8452380952380952,
    "percentage_top2": 0.9523809523809523,
    "percentage_top3": 0.9761904761904762
}