{
    "count_top1": 153,
    "count_top2": 164,
    "count_top3": 168,
    "percentage_top1": 0.9107142857142857,
    "percentage_top2": 0.9761904761904762,
    "percentage_top3": 1.0
}