{
    "count_top1": 361,
    "count_top2": 421,
    "count_top3": 431,
    "percentage_top1": 0.8204545454545454,
    "percentage_top2": 0.9568181818181818,
    "percentage_top3": 0.9795454545454545
}