{
    "count_top1": 416,
    "count_top2": 433,
    "count_top3": 434,
    "percentage_top1": 0.9454545454545454,
    "percentage_top2": 0.9840909090909091,
    "percentage_top3": 0.9863636363636363
}