{
    "count_top1": 37,
    "count_top2": 40,
    "count_top3": 41,
    "percentage_top1": 0.7708333333333334,
    "percentage_top2": 0.8333333333333334,
    "percentage_top3": 0.8541666666666666
}