{
    "count_top1": 294,
    "count_top2": 394,
    "count_top3": 428,
    "percentage_top1": 0.6681818181818182,
    "percentage_top2": 0.8954545454545455,
    "percentage_top3": 0.9727272727272728
}