{
    "count_top1": 371,
    "count_top2": 416,
    "count_top3": 417,
    "percentage_top1": 0.8431818181818181,
    "percentage_top2": 0.9454545454545454,
    "percentage_top3": 0.9477272727272728
}