{
    "count_top1": 37,
    "count_top2": 44,
    "count_top3": 44,
    "percentage_top1": 0.7708333333333334,
    "percentage_top2": 0.9166666666666666,
    "percentage_top3": 0.9166666666666666
}