{
    "count_top1": 154,
    "count_top2": 163,
    "count_top3": 166,
    "percentage_top1": 0.9166666666666666,
    "percentage_top2": 0.9702380952380952,
    "percentage_top3": 0.9880952380952381
}