{
    "count_top1": 138,
    "count_top2": 144,
    "count_top3": 154,
    "percentage_top1": 0.8214285714285714,
    "percentage_top2": 0.8571428571428571,
    "percentage_top3": 0.9166666666666666
}