{
    "count_top1": 19,
    "count_top2": 20,
    "count_top3": 21,
    "percentage_top1": 0.7916666666666666,
    "percentage_top2": 0.8333333333333334,
    "percentage_top3": 0.875
}