{
    "count_top1": 104,
    "count_top2": 154,
    "count_top3": 157,
    "percentage_top1": 0.6190476190476191,
    "percentage_top2": 0.9166666666666666,
    "percentage_top3": 0.9345238095238095
}